<keymap version="1" name="Windows copy" parent="$default">
  <action id="Debug">
    <keyboard-shortcut first-keystroke="alt windows" />
  </action>
  <action id="Run">
    <keyboard-shortcut first-keystroke="ctrl windows" />
  </action>
  <action id="ShowProcessWindow">
    <keyboard-shortcut first-keystroke="shift ctrl alt space" />
  </action>
  <action id="Stop">
    <keyboard-shortcut first-keystroke="shift windows" />
  </action>
  <action id="UpdateRunningApplication" />
  <action id="android.deploy.ApplyChanges">
    <keyboard-shortcut first-keystroke="ctrl f10" />
  </action>
  <action id="android.deploy.CodeSwap">
    <keyboard-shortcut first-keystroke="ctrl alt f10" />
  </action>
</keymap>